{
  "Post Login Page-0" : {
    "transaction" : "Post Login Page-0",
    "sampleCount" : 100,
    "errorCount" : 0,
    "errorPct" : 0.0,
    "meanResTime" : 9494.280000000002,
    "medianResTime" : 9638.0,
    "minResTime" : 1824.0,
    "maxResTime" : 18483.0,
    "pct1ResTime" : 15774.300000000001,
    "pct2ResTime" : 17093.85,
    "pct3ResTime" : 18477.969999999998,
    "throughput" : 4.044162251789542,
    "receivedKBytesPerSec" : 6.425636702794516,
    "sentKBytesPerSec" : 1.4415226776398269
  },
  "Total" : {
    "transaction" : "Total",
    "sampleCount" : 400,
    "errorCount" : 0,
    "errorPct" : 0.0,
    "meanResTime" : 9612.440000000004,
    "medianResTime" : 8012.5,
    "minResTime" : 720.0,
    "maxResTime" : 23910.0,
    "pct1ResTime" : 19343.100000000002,
    "pct2ResTime" : 21119.1,
    "pct3ResTime" : 23287.88,
    "throughput" : 14.614541468761416,
    "receivedKBytesPerSec" : 59.70714542610522,
    "sentKBytesPerSec" : 5.912181448666423
  },
  "Post Login Page-1" : {
    "transaction" : "Post Login Page-1",
    "sampleCount" : 100,
    "errorCount" : 0,
    "errorPct" : 0.0,
    "meanResTime" : 3820.7999999999984,
    "medianResTime" : 3262.0,
    "minResTime" : 720.0,
    "maxResTime" : 16706.0,
    "pct1ResTime" : 6886.3,
    "pct2ResTime" : 8560.849999999993,
    "pct3ResTime" : 16685.26999999999,
    "throughput" : 5.228758169934641,
    "receivedKBytesPerSec" : 22.93964460784314,
    "sentKBytesPerSec" : 1.5778186274509804
  },
  "Get Login Page" : {
    "transaction" : "Get Login Page",
    "sampleCount" : 100,
    "errorCount" : 0,
    "errorPct" : 0.0,
    "meanResTime" : 11819.550000000001,
    "medianResTime" : 11840.5,
    "minResTime" : 1750.0,
    "maxResTime" : 23910.0,
    "pct1ResTime" : 20996.0,
    "pct2ResTime" : 22792.199999999997,
    "pct3ResTime" : 23907.739999999998,
    "throughput" : 4.061738424045491,
    "receivedKBytesPerSec" : 17.82980205371649,
    "sentKBytesPerSec" : 1.225661301787165
  },
  "Post Login Page" : {
    "transaction" : "Post Login Page",
    "sampleCount" : 100,
    "errorCount" : 0,
    "errorPct" : 0.0,
    "meanResTime" : 13315.13,
    "medianResTime" : 13588.5,
    "minResTime" : 2639.0,
    "maxResTime" : 23289.0,
    "pct1ResTime" : 21197.9,
    "pct2ResTime" : 22276.449999999993,
    "pct3ResTime" : 23286.129999999997,
    "throughput" : 3.915580093190806,
    "receivedKBytesPerSec" : 23.399797246368298,
    "sentKBytesPerSec" : 2.57724705352598
  }
}